"bodyid","name","type","signal","side"
10006,"VS_L","VS","OPTIC_FLOW","L"
10012,"VS_R","VS","OPTIC_FLOW","R"
10015,"HSN_R","HSN","OPTIC_FLOW","R"
10016,"HSE_R","HSE","OPTIC_FLOW","R"
10023,"HSS_R","HSS","OPTIC_FLOW","R"
10034,"HSE_L","HSE","OPTIC_FLOW","L"
10037,"VS_R","VS","OPTIC_FLOW","R"
10073,"VS_L","VS","OPTIC_FLOW","L"
10112,"VS_R","VS","OPTIC_FLOW","R"
10161,"VS_L","VS","OPTIC_FLOW","L"
10181,"HSN_L","HSN","OPTIC_FLOW","L"
10206,"VS_R","VS","OPTIC_FLOW","R"
10284,"VS_R","VS","OPTIC_FLOW","R"
10311,"VS_R","VS","OPTIC_FLOW","R"
10403,"VS_R","VS","OPTIC_FLOW","R"
10419,"HSS_L","HSS","OPTIC_FLOW","L"
10573,"LC10a_L","LC10a","OBJECT_TRACKING","L"
10766,"VS_R","VS","OPTIC_FLOW","R"
11134,"VSm_R","VSm","OPTIC_FLOW","R"
11382,"VSm_L","VSm","OPTIC_FLOW","L"
11498,"LPLC2_L","LPLC2","LOOMING_COLLISION","L"
11551,"VS_R","VS","OPTIC_FLOW","R"
11793,"HST_L","HST","OPTIC_FLOW","L"
12032,"LC4_L","LC4","LOOMING_COLLISION","L"
12130,"LC10a_L","LC10a","OBJECT_TRACKING","L"
12190,"VS_L","VS","OPTIC_FLOW","L"
12349,"LC4_L","LC4","LOOMING_COLLISION","L"
12384,"LPLC2_L","LPLC2","LOOMING_COLLISION","L"
12424,"LC10a_L","LC10a","OBJECT_TRACKING","L"
12458,"LC10a_L","LC10a","OBJECT_TRACKING","L"
12521,"HST(hb5813042688)_R","HST","OPTIC_FLOW","R"
12824,"LC4_L","LC4","LOOMING_COLLISION","L"
13132,"LPLC2_L","LPLC2","LOOMING_COLLISION","L"
13593,"LC10d_L","LC10d","OBJECT_TRACKING","L"
13697,"LC10a_L","LC10a","OBJECT_TRACKING","L"
13726,"LPLC2_L","LPLC2","LOOMING_COLLISION","L"
13764,"LPLC2_L","LPLC2","LOOMING_COLLISION","L"
13853,"LC10d_L","LC10d","OBJECT_TRACKING","L"
13974,"LC10a_L","LC10a","OBJECT_TRACKING","L"
14030,"LPLC2_L","LPLC2","LOOMING_COLLISION","L"
14037,"LC10d_L","LC10d","OBJECT_TRACKING","L"
14102,"LPLC2_L","LPLC2","LOOMING_COLLISION","L"
14416,"VST2_R","VST2","OPTIC_FLOW","R"
14465,"LPLC2_R","LPLC2","LOOMING_COLLISION","R"
14888,"LC4_L","LC4","LOOMING_COLLISION","L"
14980,"LC10a_L","LC10a","OBJECT_TRACKING","L"
15018,"LC4_L","LC4","LOOMING_COLLISION","L"
15181,"LC10d_L","LC10d","OBJECT_TRACKING","L"
15340,"LC10a_L","LC10a","OBJECT_TRACKING","L"
15422,"VST2_R","VST2","OPTIC_FLOW","R"
15471,"LC10a_L","LC10a","OBJECT_TRACKING","L"
15508,"LC10a_L","LC10a","OBJECT_TRACKING","L"
15552,"LC10d_L","LC10d","OBJECT_TRACKING","L"
15804,"LPLC2_L","LPLC2","LOOMING_COLLISION","L"
16012,"LC10d_L","LC10d","OBJECT_TRACKING","L"
16128,"LC4_R","LC4","LOOMING_COLLISION","R"
16138,"LC4_R","LC4","LOOMING_COLLISION","R"
16570,"VST2_R","VST2","OPTIC_FLOW","R"
16606,"VST2_R","VST2","OPTIC_FLOW","R"
16628,"LC4_R","LC4","LOOMING_COLLISION","R"
16775,"LC10a_L","LC10a","OBJECT_TRACKING","L"
16809,"LC4_L","LC4","LOOMING_COLLISION","L"
16917,"LC4_L","LC4","LOOMING_COLLISION","L"
17054,"LC4_R","LC4","LOOMING_COLLISION","R"
17059,"LPLC2_L","LPLC2","LOOMING_COLLISION","L"
17266,"LC4_R","LC4","LOOMING_COLLISION","R"
17270,"LC4_L","LC4","LOOMING_COLLISION","L"
17317,"LC10d_L","LC10d","OBJECT_TRACKING","L"
17340,"LC4_L","LC4","LOOMING_COLLISION","L"
17364,"LC4_R","LC4","LOOMING_COLLISION","R"
17478,"LC4_L","LC4","LOOMING_COLLISION","L"
17505,"LC10d_L","LC10d","OBJECT_TRACKING","L"
17544,"LPLC2_L","LPLC2","LOOMING_COLLISION","L"
17548,"LC4_R","LC4","LOOMING_COLLISION","R"
17551,"LPLC2_R","LPLC2","LOOMING_COLLISION","R"
17608,"LC4_L","LC4","LOOMING_COLLISION","L"
17653,"LC4_L","LC4","LOOMING_COLLISION","L"
17668,"LC4_R","LC4","LOOMING_COLLISION","R"
17774,"LPLC2_L","LPLC2","LOOMING_COLLISION","L"
17775,"LPLC2_L","LPLC2","LOOMING_COLLISION","L"
17836,"LC10d_L","LC10d","OBJECT_TRACKING","L"
17860,"LC4_R","LC4","LOOMING_COLLISION","R"
17880,"LPLC2_L","LPLC2","LOOMING_COLLISION","L"
17926,"LC4_R","LC4","LOOMING_COLLISION","R"
17987,"LC4_R","LC4","LOOMING_COLLISION","R"
17990,"LPLC2_L","LPLC2","LOOMING_COLLISION","L"
18078,"LC10a_L","LC10a","OBJECT_TRACKING","L"
18127,"LC4_R","LC4","LOOMING_COLLISION","R"
18189,"LC4_R","LC4","LOOMING_COLLISION","R"
18396,"LC4_L","LC4","LOOMING_COLLISION","L"
18432,"LC4_L","LC4","LOOMING_COLLISION","L"
18478,"LC4_L","LC4","LOOMING_COLLISION","L"
18518,"LC10a_L","LC10a","OBJECT_TRACKING","L"
18636,"LC10d_L","LC10d","OBJECT_TRACKING","L"
18672,"LPLC2_R","LPLC2","LOOMING_COLLISION","R"
18807,"VST2_L","VST2","OPTIC_FLOW","L"
18900,"LPLC2_L","LPLC2","LOOMING_COLLISION","L"
18917,"LC10a_L","LC10a","OBJECT_TRACKING","L"
18929,"LPLC2_R","LPLC2","LOOMING_COLLISION","R"
18936,"LPLC2_L","LPLC2","LOOMING_COLLISION","L"
19034,"LPLC2_R","LPLC2","LOOMING_COLLISION","R"
19120,"LC10a_L","LC10a","OBJECT_TRACKING","L"
19146,"LPLC2_R","LPLC2","LOOMING_COLLISION","R"
19229,"LPLC2_R","LPLC2","LOOMING_COLLISION","R"
19249,"LPLC2_R","LPLC2","LOOMING_COLLISION","R"
19260,"LC4_R","LC4","LOOMING_COLLISION","R"
19350,"LC10a_L","LC10a","OBJECT_TRACKING","L"
19420,"LC4_R","LC4","LOOMING_COLLISION","R"
19537,"LC10a_L","LC10a","OBJECT_TRACKING","L"
19540,"LC10a_L","LC10a","OBJECT_TRACKING","L"
19543,"LC4_R","LC4","LOOMING_COLLISION","R"
19549,"LPLC2_R","LPLC2","LOOMING_COLLISION","R"
19550,"LC4_R","LC4","LOOMING_COLLISION","R"
19588,"VS_L","VS","OPTIC_FLOW","L"
19589,"LPLC2_R","LPLC2","LOOMING_COLLISION","R"
19608,"LPLC2_R","LPLC2","LOOMING_COLLISION","R"
19634,"LC4_R","LC4","LOOMING_COLLISION","R"
19659,"LC10a_L","LC10a","OBJECT_TRACKING","L"
19667,"LC10a_L","LC10a","OBJECT_TRACKING","L"
19703,"LC10a_L","LC10a","OBJECT_TRACKING","L"
19787,"LPLC2_L","LPLC2","LOOMING_COLLISION","L"
19794,"LC4_R","LC4","LOOMING_COLLISION","R"
19830,"LPLC2_L","LPLC2","LOOMING_COLLISION","L"
19842,"LPLC2_R","LPLC2","LOOMING_COLLISION","R"
19911,"LPLC2_L","LPLC2","LOOMING_COLLISION","L"
19954,"LC4_R","LC4","LOOMING_COLLISION","R"
20016,"LC4_R","LC4","LOOMING_COLLISION","R"
20047,"LPLC2_R","LPLC2","LOOMING_COLLISION","R"
20103,"LPLC2_R","LPLC2","LOOMING_COLLISION","R"
20112,"LC10a_L","LC10a","OBJECT_TRACKING","L"
20151,"LC10d_L","LC10d","OBJECT_TRACKING","L"
20162,"LPLC2_R","LPLC2","LOOMING_COLLISION","R"
20182,"LPLC2_R","LPLC2","LOOMING_COLLISION","R"
20240,"LPLC2_L","LPLC2","LOOMING_COLLISION","L"
20269,"LPLC2_R","LPLC2","LOOMING_COLLISION","R"
20282,"LC4_R","LC4","LOOMING_COLLISION","R"
20286,"LC43_L","LC43","LOOMING_COLLISION","L"
20325,"LC10d_L","LC10d","OBJECT_TRACKING","L"
20329,"LPLC2_L","LPLC2","LOOMING_COLLISION","L"
20334,"LPLC2_R","LPLC2","LOOMING_COLLISION","R"
20378,"LC10a_L","LC10a","OBJECT_TRACKING","L"
20399,"LC4_R","LC4","LOOMING_COLLISION","R"
20440,"LC4_L","LC4","LOOMING_COLLISION","L"
20471,"LPLC2_R","LPLC2","LOOMING_COLLISION","R"
20535,"LPLC2_R","LPLC2","LOOMING_COLLISION","R"
20542,"LC4_R","LC4","LOOMING_COLLISION","R"
20572,"LC4_L","LC4","LOOMING_COLLISION","L"
20584,"LPLC2_R","LPLC2","LOOMING_COLLISION","R"
20588,"LC4_R","LC4","LOOMING_COLLISION","R"
20634,"VST1_R","VST1","OPTIC_FLOW","R"
20673,"LC4_R","LC4","LOOMING_COLLISION","R"
20694,"LPLC2_R","LPLC2","LOOMING_COLLISION","R"
20749,"LPLC2_R","LPLC2","LOOMING_COLLISION","R"
20799,"LPLC2_L","LPLC2","LOOMING_COLLISION","L"
20808,"LC4_R","LC4","LOOMING_COLLISION","R"
20859,"LC4_L","LC4","LOOMING_COLLISION","L"
20917,"LC4_R","LC4","LOOMING_COLLISION","R"
20933,"LC10a_L","LC10a","OBJECT_TRACKING","L"
20967,"LC4_L","LC4","LOOMING_COLLISION","L"
20976,"LC4_L","LC4","LOOMING_COLLISION","L"
21045,"LPLC2_R","LPLC2","LOOMING_COLLISION","R"
21065,"LC10a_R","LC10a","OBJECT_TRACKING","R"
21151,"LC4_R","LC4","LOOMING_COLLISION","R"
21165,"LC4_R","LC4","LOOMING_COLLISION","R"
21173,"LC10a_L","LC10a","OBJECT_TRACKING","L"
21193,"LC10d_L","LC10d","OBJECT_TRACKING","L"
21199,"LC10a_R","LC10a","OBJECT_TRACKING","R"
21225,"LC4_R","LC4","LOOMING_COLLISION","R"
21238,"LC10a_R","LC10a","OBJECT_TRACKING","R"
21287,"LC4_R","LC4","LOOMING_COLLISION","R"
21299,"LPLC2_L","LPLC2","LOOMING_COLLISION","L"
21313,"LC4_R","LC4","LOOMING_COLLISION","R"
21318,"LPLC2_R","LPLC2","LOOMING_COLLISION","R"
21336,"LC4_R","LC4","LOOMING_COLLISION","R"
21361,"LPLC2_L","LPLC2","LOOMING_COLLISION","L"
21426,"LC10a_R","LC10a","OBJECT_TRACKING","R"
21490,"LC10d_L","LC10d","OBJECT_TRACKING","L"
21562,"LPLC2_R","LPLC2","LOOMING_COLLISION","R"
21572,"VST1_L","VST1","OPTIC_FLOW","L"
21632,"LC10a_R","LC10a","OBJECT_TRACKING","R"
21686,"LC10d_L","LC10d","OBJECT_TRACKING","L"
21690,"LC40_L","LC40","LOOMING_COLLISION","L"
21703,"LPLC2_R","LPLC2","LOOMING_COLLISION","R"
21721,"LC4_L","LC4","LOOMING_COLLISION","L"
21734,"LC10d_R","LC10d","OBJECT_TRACKING","R"
21737,"LC10d_R","LC10d","OBJECT_TRACKING","R"
21744,"LC10a_L","LC10a","OBJECT_TRACKING","L"
21769,"LPLC2_R","LPLC2","LOOMING_COLLISION","R"
21804,"LC4_R","LC4","LOOMING_COLLISION","R"
21808,"LPLC2_R","LPLC2","LOOMING_COLLISION","R"
21835,"LC10a_L","LC10a","OBJECT_TRACKING","L"
21862,"LPLC2_R","LPLC2","LOOMING_COLLISION","R"
21899,"LPLC2_R","LPLC2","LOOMING_COLLISION","R"
21914,"LC10d_L","LC10d","OBJECT_TRACKING","L"
21983,"LC10a_R","LC10a","OBJECT_TRACKING","R"
21984,"LC10a_R","LC10a","OBJECT_TRACKING","R"
22034,"LC4_R","LC4","LOOMING_COLLISION","R"
22070,"LC10a_R","LC10a","OBJECT_TRACKING","R"
22112,"LC10d_R","LC10d","OBJECT_TRACKING","R"
22148,"LC10a_R","LC10a","OBJECT_TRACKING","R"
22184,"LC10a_L","LC10a","OBJECT_TRACKING","L"
22189,"LC10d_R","LC10d","OBJECT_TRACKING","R"
22194,"LC4_R","LC4","LOOMING_COLLISION","R"
22211,"LC10d_R","LC10d","OBJECT_TRACKING","R"
22218,"LPLC2_R","LPLC2","LOOMING_COLLISION","R"
22248,"LC10a_R","LC10a","OBJECT_TRACKING","R"
22253,"LPLC2_L","LPLC2","LOOMING_COLLISION","L"
22259,"LC10a_L","LC10a","OBJECT_TRACKING","L"
22261,"LPLC2_R","LPLC2","LOOMING_COLLISION","R"
22328,"LC4_R","LC4","LOOMING_COLLISION","R"
22339,"LC10a_L","LC10a","OBJECT_TRACKING","L"
22392,"LC10a_L","LC10a","OBJECT_TRACKING","L"
22397,"LC10a_R","LC10a","OBJECT_TRACKING","R"
22505,"LC10a_R","LC10a","OBJECT_TRACKING","R"
22510,"LC10a_R","LC10a","OBJECT_TRACKING","R"
22550,"LC10d_R","LC10d","OBJECT_TRACKING","R"
22557,"LPLC2_L","LPLC2","LOOMING_COLLISION","L"
22677,"LPLC2_R","LPLC2","LOOMING_COLLISION","R"
22750,"LC10a_R","LC10a","OBJECT_TRACKING","R"
22772,"LC4_L","LC4","LOOMING_COLLISION","L"
22780,"LC10d_L","LC10d","OBJECT_TRACKING","L"
22783,"LC10a_R","LC10a","OBJECT_TRACKING","R"
22831,"LC10a_R","LC10a","OBJECT_TRACKING","R"
22847,"LC4_R","LC4","LOOMING_COLLISION","R"
22886,"LC10d_R","LC10d","OBJECT_TRACKING","R"
22922,"LC4_L","LC4","LOOMING_COLLISION","L"
22959,"LC10a_L","LC10a","OBJECT_TRACKING","L"
22966,"LC4_R","LC4","LOOMING_COLLISION","R"
22975,"LC4_R","LC4","LOOMING_COLLISION","R"
22989,"LC10a_R","LC10a","OBJECT_TRACKING","R"
22990,"LC10d_R","LC10d","OBJECT_TRACKING","R"
22997,"LC10a_R","LC10a","OBJECT_TRACKING","R"
23001,"LC10a_L","LC10a","OBJECT_TRACKING","L"
23002,"LC10a_R","LC10a","OBJECT_TRACKING","R"
23098,"LC4_R","LC4","LOOMING_COLLISION","R"
23128,"LC10a_R","LC10a","OBJECT_TRACKING","R"
23134,"LC10d_R","LC10d","OBJECT_TRACKING","R"
23148,"LC10a_L","LC10a","OBJECT_TRACKING","L"
23154,"LC10a_R","LC10a","OBJECT_TRACKING","R"
23196,"LC10d_L","LC10d","OBJECT_TRACKING","L"
23202,"LC4_L","LC4","LOOMING_COLLISION","L"
23210,"LC10a_R","LC10a","OBJECT_TRACKING","R"
23226,"LC4_L","LC4","LOOMING_COLLISION","L"
23239,"LC10e_L","LC10e","OBJECT_TRACKING","L"
23247,"LPLC2_L","LPLC2","LOOMING_COLLISION","L"
23328,"LC10a_L","LC10a","OBJECT_TRACKING","L"
23349,"LPLC2_L","LPLC2","LOOMING_COLLISION","L"
23377,"LC10a_R","LC10a","OBJECT_TRACKING","R"
23392,"LC4_R","LC4","LOOMING_COLLISION","R"
23413,"LC10d_R","LC10d","OBJECT_TRACKING","R"
23421,"LC10a_R","LC10a","OBJECT_TRACKING","R"
23463,"LC10a_R","LC10a","OBJECT_TRACKING","R"
23497,"LPLC2_R","LPLC2","LOOMING_COLLISION","R"
23499,"LC10a_R","LC10a","OBJECT_TRACKING","R"
23503,"LC10d_R","LC10d","OBJECT_TRACKING","R"
23548,"LC10d_L","LC10d","OBJECT_TRACKING","L"
23550,"LPLC2_L","LPLC2","LOOMING_COLLISION","L"
23590,"LPLC2_R","LPLC2","LOOMING_COLLISION","R"
23599,"LC10a_L","LC10a","OBJECT_TRACKING","L"
23665,"LPLC2_L","LPLC2","LOOMING_COLLISION","L"
23677,"LC10a_R","LC10a","OBJECT_TRACKING","R"
23686,"LC10a_R","LC10a","OBJECT_TRACKING","R"
23719,"LC10a_R","LC10a","OBJECT_TRACKING","R"
23729,"LC10d_R","LC10d","OBJECT_TRACKING","R"
23741,"LC10a_L","LC10a","OBJECT_TRACKING","L"
23757,"LC10d_R","LC10d","OBJECT_TRACKING","R"
23792,"LC4_R","LC4","LOOMING_COLLISION","R"
23830,"LC10a_R","LC10a","OBJECT_TRACKING","R"
23852,"LC10a_L","LC10a","OBJECT_TRACKING","L"
23867,"LC10a_R","LC10a","OBJECT_TRACKING","R"
23868,"LC10a_R","LC10a","OBJECT_TRACKING","R"
23878,"LPLC2_R","LPLC2","LOOMING_COLLISION","R"
23887,"LC10d_L","LC10d","OBJECT_TRACKING","L"
23890,"LC10a_R","LC10a","OBJECT_TRACKING","R"
23897,"VST1_L","VST1","OPTIC_FLOW","L"
23919,"LPLC2_L","LPLC2","LOOMING_COLLISION","L"
23929,"LC4_R","LC4","LOOMING_COLLISION","R"
23930,"LC10a_L","LC10a","OBJECT_TRACKING","L"
23989,"LC10a_L","LC10a","OBJECT_TRACKING","L"
24027,"LC10d_R","LC10d","OBJECT_TRACKING","R"
24035,"LC10a_R","LC10a","OBJECT_TRACKING","R"
24041,"LC10d_R","LC10d","OBJECT_TRACKING","R"
24049,"LC10d_L","LC10d","OBJECT_TRACKING","L"
24071,"LC10a_R","LC10a","OBJECT_TRACKING","R"
24117,"LC10d_R","LC10d","OBJECT_TRACKING","R"
24118,"LPLC2_R","LPLC2","LOOMING_COLLISION","R"
24132,"LC10d_R","LC10d","OBJECT_TRACKING","R"
24164,"LC10a_R","LC10a","OBJECT_TRACKING","R"
24187,"LPLC2_R","LPLC2","LOOMING_COLLISION","R"
24208,"LC10a_R","LC10a","OBJECT_TRACKING","R"
24211,"LC10a_R","LC10a","OBJECT_TRACKING","R"
24268,"LPLC2_R","LPLC2","LOOMING_COLLISION","R"
24283,"LC10a_R","LC10a","OBJECT_TRACKING","R"
24308,"LPLC2_L","LPLC2","LOOMING_COLLISION","L"
24326,"LC10d_L","LC10d","OBJECT_TRACKING","L"
24338,"LC4_R","LC4","LOOMING_COLLISION","R"
24401,"LPLC2_R","LPLC2","LOOMING_COLLISION","R"
24464,"LC10d_R","LC10d","OBJECT_TRACKING","R"
24482,"LC10a_R","LC10a","OBJECT_TRACKING","R"
24492,"LC10a_R","LC10a","OBJECT_TRACKING","R"
24505,"LC10a_R","LC10a","OBJECT_TRACKING","R"
24523,"LC4_L","LC4","LOOMING_COLLISION","L"
24545,"LC10a_R","LC10a","OBJECT_TRACKING","R"
24568,"LPLC2_L","LPLC2","LOOMING_COLLISION","L"
24592,"LC10a_R","LC10a","OBJECT_TRACKING","R"
24605,"LPLC2_L","LPLC2","LOOMING_COLLISION","L"
24719,"LC10a_L","LC10a","OBJECT_TRACKING","L"
24742,"LC10a_L","LC10a","OBJECT_TRACKING","L"
24769,"LC10a_R","LC10a","OBJECT_TRACKING","R"
24775,"LC10d_R","LC10d","OBJECT_TRACKING","R"
24784,"LC10a_R","LC10a","OBJECT_TRACKING","R"
24800,"LPLC2_R","LPLC2","LOOMING_COLLISION","R"
24840,"LPLC2_L","LPLC2","LOOMING_COLLISION","L"
24854,"LC10a_R","LC10a","OBJECT_TRACKING","R"
24867,"VST1_R","VST1","OPTIC_FLOW","R"
24909,"LC10a_R","LC10a","OBJECT_TRACKING","R"
25003,"LC10a_L","LC10a","OBJECT_TRACKING","L"
25027,"LPLC2_L","LPLC2","LOOMING_COLLISION","L"
25067,"LC10a_R","LC10a","OBJECT_TRACKING","R"
25088,"LC10a_R","LC10a","OBJECT_TRACKING","R"
25136,"LPLC2_L","LPLC2","LOOMING_COLLISION","L"
25167,"LC10a_R","LC10a","OBJECT_TRACKING","R"
25198,"LC10a_R","LC10a","OBJECT_TRACKING","R"
25202,"LC10a_R","LC10a","OBJECT_TRACKING","R"
25209,"LPLC2_L","LPLC2","LOOMING_COLLISION","L"
25253,"LPLC2_R","LPLC2","LOOMING_COLLISION","R"
25267,"LPLC2_R","LPLC2","LOOMING_COLLISION","R"
25276,"LC10d_R","LC10d","OBJECT_TRACKING","R"
25286,"LPLC2_L","LPLC2","LOOMING_COLLISION","L"
25296,"LC10a_R","LC10a","OBJECT_TRACKING","R"
25304,"LC10a_L","LC10a","OBJECT_TRACKING","L"
25316,"LPLC2_R","LPLC2","LOOMING_COLLISION","R"
25369,"LC10a_R","LC10a","OBJECT_TRACKING","R"
25394,"LC10a_R","LC10a","OBJECT_TRACKING","R"
25400,"LC10a_R","LC10a","OBJECT_TRACKING","R"
25412,"LC10a_L","LC10a","OBJECT_TRACKING","L"
25445,"LC10d_R","LC10d","OBJECT_TRACKING","R"
25446,"LC10a_R","LC10a","OBJECT_TRACKING","R"
25450,"LC10a_L","LC10a","OBJECT_TRACKING","L"
25472,"LC10a_R","LC10a","OBJECT_TRACKING","R"
25497,"LPLC2_R","LPLC2","LOOMING_COLLISION","R"
25511,"LPLC2_R","LPLC2","LOOMING_COLLISION","R"
25524,"LPLC2_L","LPLC2","LOOMING_COLLISION","L"
25569,"LC10d_R","LC10d","OBJECT_TRACKING","R"
25572,"LPLC2_L","LPLC2","LOOMING_COLLISION","L"
25575,"LPLC2_L","LPLC2","LOOMING_COLLISION","L"
25584,"LC4_R","LC4","LOOMING_COLLISION","R"
25636,"LPLC2_R","LPLC2","LOOMING_COLLISION","R"
25641,"LC10a_R","LC10a","OBJECT_TRACKING","R"
25673,"LC10d_L","LC10d","OBJECT_TRACKING","L"
25700,"LC10d_L","LC10d","OBJECT_TRACKING","L"
25711,"LC10a_R","LC10a","OBJECT_TRACKING","R"
25806,"LC10d_R","LC10d","OBJECT_TRACKING","R"
25817,"LC10a_L","LC10a","OBJECT_TRACKING","L"
25854,"LPLC2_L","LPLC2","LOOMING_COLLISION","L"
25893,"VST1_R","VST1","OPTIC_FLOW","R"
25952,"LC10a_R","LC10a","OBJECT_TRACKING","R"
26028,"LC10d_R","LC10d","OBJECT_TRACKING","R"
26112,"LC4_R","LC4","LOOMING_COLLISION","R"
26142,"LC10a_L","LC10a","OBJECT_TRACKING","L"
26147,"LPLC2_R","LPLC2","LOOMING_COLLISION","R"
26352,"LC10d_R","LC10d","OBJECT_TRACKING","R"
26373,"LC10a_R","LC10a","OBJECT_TRACKING","R"
26379,"LC10d_R","LC10d","OBJECT_TRACKING","R"
26380,"LC10a_L","LC10a","OBJECT_TRACKING","L"
26393,"LPLC2_R","LPLC2","LOOMING_COLLISION","R"
26416,"LPLC2_L","LPLC2","LOOMING_COLLISION","L"
26450,"LC10a_R","LC10a","OBJECT_TRACKING","R"
26499,"LC10d_L","LC10d","OBJECT_TRACKING","L"
26528,"LPLC2_L","LPLC2","LOOMING_COLLISION","L"
26545,"LC10d_R","LC10d","OBJECT_TRACKING","R"
26560,"LC10a_R","LC10a","OBJECT_TRACKING","R"
26723,"LC10d_R","LC10d","OBJECT_TRACKING","R"
26730,"LPLC2_R","LPLC2","LOOMING_COLLISION","R"
26740,"LC10a_L","LC10a","OBJECT_TRACKING","L"
26788,"LC10a_R","LC10a","OBJECT_TRACKING","R"
26789,"LC10d_L","LC10d","OBJECT_TRACKING","L"
26811,"LC10a_R","LC10a","OBJECT_TRACKING","R"
26825,"LC10d_R","LC10d","OBJECT_TRACKING","R"
26881,"LC10d_R","LC10d","OBJECT_TRACKING","R"
26915,"LPLC2_R","LPLC2","LOOMING_COLLISION","R"
26956,"LC10d_R","LC10d","OBJECT_TRACKING","R"
26963,"LC10a_L","LC10a","OBJECT_TRACKING","L"
26976,"LC10a_R","LC10a","OBJECT_TRACKING","R"
26991,"LC40_R","LC40","LOOMING_COLLISION","R"
27023,"LPLC2_L","LPLC2","LOOMING_COLLISION","L"
27067,"LC10a_R","LC10a","OBJECT_TRACKING","R"
27300,"LC10a_R","LC10a","OBJECT_TRACKING","R"
27334,"LC10a_R","LC10a","OBJECT_TRACKING","R"
27355,"LPLC2_L","LPLC2","LOOMING_COLLISION","L"
27399,"LPLC2_L","LPLC2","LOOMING_COLLISION","L"
27468,"LC10a_L","LC10a","OBJECT_TRACKING","L"
27471,"LPLC2_R","LPLC2","LOOMING_COLLISION","R"
27544,"LC10d_R","LC10d","OBJECT_TRACKING","R"
27566,"LPLC2_R","LPLC2","LOOMING_COLLISION","R"
27579,"LC10a_R","LC10a","OBJECT_TRACKING","R"
27621,"LC10d_L","LC10d","OBJECT_TRACKING","L"
27624,"LC4_L","LC4","LOOMING_COLLISION","L"
27682,"LC40_R","LC40","LOOMING_COLLISION","R"
27689,"LC10a_L","LC10a","OBJECT_TRACKING","L"
27704,"LC10a_R","LC10a","OBJECT_TRACKING","R"
27705,"LC40_R","LC40","LOOMING_COLLISION","R"
27709,"LC10a_R","LC10a","OBJECT_TRACKING","R"
27716,"LPLC2_L","LPLC2","LOOMING_COLLISION","L"
27743,"LC10d_L","LC10d","OBJECT_TRACKING","L"
27750,"LC4_L","LC4","LOOMING_COLLISION","L"
27796,"LPLC2_L","LPLC2","LOOMING_COLLISION","L"
27829,"LC4_L","LC4","LOOMING_COLLISION","L"
27915,"LC10a_L","LC10a","OBJECT_TRACKING","L"
27967,"LC10a_L","LC10a","OBJECT_TRACKING","L"
28003,"LPLC2_R","LPLC2","LOOMING_COLLISION","R"
28011,"LPLC2_L","LPLC2","LOOMING_COLLISION","L"
28044,"LPLC2_R","LPLC2","LOOMING_COLLISION","R"
28082,"LC10a_L","LC10a","OBJECT_TRACKING","L"
28088,"LC10d_L","LC10d","OBJECT_TRACKING","L"
28134,"LC10d_R","LC10d","OBJECT_TRACKING","R"
28143,"LC10a_L","LC10a","OBJECT_TRACKING","L"
28188,"LPLC2_L","LPLC2","LOOMING_COLLISION","L"
28204,"LC10a_R","LC10a","OBJECT_TRACKING","R"
28256,"LC10d_R","LC10d","OBJECT_TRACKING","R"
28259,"LC10a_R","LC10a","OBJECT_TRACKING","R"
28357,"LC10d_R","LC10d","OBJECT_TRACKING","R"
28390,"LC10a_R","LC10a","OBJECT_TRACKING","R"
28453,"LC10d_L","LC10d","OBJECT_TRACKING","L"
28533,"LC10a_L","LC10a","OBJECT_TRACKING","L"
28543,"LC10a_L","LC10a","OBJECT_TRACKING","L"
28599,"LC10a_R","LC10a","OBJECT_TRACKING","R"
28608,"LC10d_R","LC10d","OBJECT_TRACKING","R"
28654,"LC10a_R","LC10a","OBJECT_TRACKING","R"
28741,"LPLC2_R","LPLC2","LOOMING_COLLISION","R"
28823,"LC10a_R","LC10a","OBJECT_TRACKING","R"
28871,"LPLC2_R","LPLC2","LOOMING_COLLISION","R"
28877,"LC10d_R","LC10d","OBJECT_TRACKING","R"
28904,"LC10a_L","LC10a","OBJECT_TRACKING","L"
28944,"LC10d_R","LC10d","OBJECT_TRACKING","R"
28945,"LC4_R","LC4","LOOMING_COLLISION","R"
28954,"LC10d_R","LC10d","OBJECT_TRACKING","R"
28980,"LC4_L","LC4","LOOMING_COLLISION","L"
29014,"LPLC2_R","LPLC2","LOOMING_COLLISION","R"
29092,"LC10a_R","LC10a","OBJECT_TRACKING","R"
29183,"LPLC2_R","LPLC2","LOOMING_COLLISION","R"
29186,"LC10a_R","LC10a","OBJECT_TRACKING","R"
29216,"LPLC2_R","LPLC2","LOOMING_COLLISION","R"
29287,"LPLC2_R","LPLC2","LOOMING_COLLISION","R"
29319,"LPLC2_L","LPLC2","LOOMING_COLLISION","L"
29359,"LC10a_R","LC10a","OBJECT_TRACKING","R"
29391,"LPLC2_R","LPLC2","LOOMING_COLLISION","R"
29406,"LC10d_R","LC10d","OBJECT_TRACKING","R"
29417,"LC4_L","LC4","LOOMING_COLLISION","L"
29469,"LC4_L","LC4","LOOMING_COLLISION","L"
29514,"LC4_L","LC4","LOOMING_COLLISION","L"
29563,"LC4_R","LC4","LOOMING_COLLISION","R"
29598,"LPLC2_R","LPLC2","LOOMING_COLLISION","R"
29686,"LC10a_L","LC10a","OBJECT_TRACKING","L"
29702,"LPLC2_L","LPLC2","LOOMING_COLLISION","L"
29744,"LC10a_R","LC10a","OBJECT_TRACKING","R"
29753,"LPLC2_L","LPLC2","LOOMING_COLLISION","L"
29793,"LC10d_R","LC10d","OBJECT_TRACKING","R"
29803,"LC10a_L","LC10a","OBJECT_TRACKING","L"
29815,"LPLC2_L","LPLC2","LOOMING_COLLISION","L"
29873,"LPLC2_R","LPLC2","LOOMING_COLLISION","R"
29893,"LC10d_R","LC10d","OBJECT_TRACKING","R"
29955,"LPLC2_L","LPLC2","LOOMING_COLLISION","L"
29979,"LC10a_R","LC10a","OBJECT_TRACKING","R"
29986,"LPLC2_R","LPLC2","LOOMING_COLLISION","R"
30025,"LC10a_L","LC10a","OBJECT_TRACKING","L"
30041,"LPLC2_R","LPLC2","LOOMING_COLLISION","R"
30087,"LC4_L","LC4","LOOMING_COLLISION","L"
30188,"LC10d_R","LC10d","OBJECT_TRACKING","R"
30207,"LPLC2_R","LPLC2","LOOMING_COLLISION","R"
30393,"LC10d_R","LC10d","OBJECT_TRACKING","R"
30408,"LC10d_L","LC10d","OBJECT_TRACKING","L"
30452,"LC10d_L","LC10d","OBJECT_TRACKING","L"
30480,"LC4_R","LC4","LOOMING_COLLISION","R"
30499,"LC10a_R","LC10a","OBJECT_TRACKING","R"
30510,"LC44_R","LC44","LOOMING_COLLISION","R"
30512,"LPLC2_L","LPLC2","LOOMING_COLLISION","L"
30707,"LC10a_L","LC10a","OBJECT_TRACKING","L"
30794,"LC41_L","LC41","LOOMING_COLLISION","L"
30803,"LC4_R","LC4","LOOMING_COLLISION","R"
30893,"LPLC2_L","LPLC2","LOOMING_COLLISION","L"
30895,"LPLC2_L","LPLC2","LOOMING_COLLISION","L"
30938,"LPLC2_R","LPLC2","LOOMING_COLLISION","R"
30941,"LC10d_R","LC10d","OBJECT_TRACKING","R"
30978,"LC10d_L","LC10d","OBJECT_TRACKING","L"
30993,"LC10a_R","LC10a","OBJECT_TRACKING","R"
31033,"LC10a_L","LC10a","OBJECT_TRACKING","L"
31084,"LC10d_R","LC10d","OBJECT_TRACKING","R"
31105,"LPLC2_L","LPLC2","LOOMING_COLLISION","L"
31193,"LC10d_R","LC10d","OBJECT_TRACKING","R"
31250,"LC10a_R","LC10a","OBJECT_TRACKING","R"
31254,"LC10d_R","LC10d","OBJECT_TRACKING","R"
31257,"LPLC2_R","LPLC2","LOOMING_COLLISION","R"
31262,"LC4_R","LC4","LOOMING_COLLISION","R"
31301,"LC4_L","LC4","LOOMING_COLLISION","L"
31308,"LC4_L","LC4","LOOMING_COLLISION","L"
31369,"LC10d_L","LC10d","OBJECT_TRACKING","L"
31429,"LC4_L","LC4","LOOMING_COLLISION","L"
31456,"LC10d_R","LC10d","OBJECT_TRACKING","R"
31544,"LC10d_L","LC10d","OBJECT_TRACKING","L"
31563,"LPLC2_L","LPLC2","LOOMING_COLLISION","L"
31623,"LC10a_R","LC10a","OBJECT_TRACKING","R"
31634,"LC10a_R","LC10a","OBJECT_TRACKING","R"
31636,"LC10d_L","LC10d","OBJECT_TRACKING","L"
31677,"LC10d_R","LC10d","OBJECT_TRACKING","R"
31679,"LC10d_L","LC10d","OBJECT_TRACKING","L"
31767,"LC41_R","LC41","LOOMING_COLLISION","R"
31801,"LC10a_L","LC10a","OBJECT_TRACKING","L"
31878,"LC10a_R","LC10a","OBJECT_TRACKING","R"
31941,"LC10a_R","LC10a","OBJECT_TRACKING","R"
31964,"LPLC2_R","LPLC2","LOOMING_COLLISION","R"
31976,"LC10a_R","LC10a","OBJECT_TRACKING","R"
31988,"LPLC2_R","LPLC2","LOOMING_COLLISION","R"
31999,"LC10d_R","LC10d","OBJECT_TRACKING","R"
32090,"LC10a_L","LC10a","OBJECT_TRACKING","L"
32111,"LC10a_L","LC10a","OBJECT_TRACKING","L"
32118,"LC10d_R","LC10d","OBJECT_TRACKING","R"
32153,"LC10a_L","LC10a","OBJECT_TRACKING","L"
32223,"LPLC2_L","LPLC2","LOOMING_COLLISION","L"
32237,"LPLC2_L","LPLC2","LOOMING_COLLISION","L"
32238,"LC10a_L","LC10a","OBJECT_TRACKING","L"
32257,"LC40_R","LC40","LOOMING_COLLISION","R"
32286,"LC10a_L","LC10a","OBJECT_TRACKING","L"
32320,"LC10d_L","LC10d","OBJECT_TRACKING","L"
32336,"LC10a_R","LC10a","OBJECT_TRACKING","R"
32391,"LC10d_R","LC10d","OBJECT_TRACKING","R"
32493,"LC10a_L","LC10a","OBJECT_TRACKING","L"
32507,"LPLC2_R","LPLC2","LOOMING_COLLISION","R"
32597,"LC4_L","LC4","LOOMING_COLLISION","L"
32614,"LC10a_R","LC10a","OBJECT_TRACKING","R"
32657,"LC10a_L","LC10a","OBJECT_TRACKING","L"
32737,"LPLC2_L","LPLC2","LOOMING_COLLISION","L"
32767,"LC10a_L","LC10a","OBJECT_TRACKING","L"
32946,"LC10a_R","LC10a","OBJECT_TRACKING","R"
33048,"LC10a_R","LC10a","OBJECT_TRACKING","R"
33074,"LC10d_R","LC10d","OBJECT_TRACKING","R"
33094,"LC10d_R","LC10d","OBJECT_TRACKING","R"
33137,"LC4_L","LC4","LOOMING_COLLISION","L"
33177,"LC10a_R","LC10a","OBJECT_TRACKING","R"
33185,"LPLC2_R","LPLC2","LOOMING_COLLISION","R"
33219,"LC10a_L","LC10a","OBJECT_TRACKING","L"
33303,"LPLC2_L","LPLC2","LOOMING_COLLISION","L"
33381,"LC10b_R","LC10b","OBJECT_TRACKING","R"
33396,"LPLC2_R","LPLC2","LOOMING_COLLISION","R"
33399,"LC10d_L","LC10d","OBJECT_TRACKING","L"
33406,"LPLC2_L","LPLC2","LOOMING_COLLISION","L"
33439,"LPLC2_R","LPLC2","LOOMING_COLLISION","R"
33492,"LC40_R","LC40","LOOMING_COLLISION","R"
33579,"LC10d_R","LC10d","OBJECT_TRACKING","R"
33694,"LPLC2_R","LPLC2","LOOMING_COLLISION","R"
33797,"LC10d_R","LC10d","OBJECT_TRACKING","R"
33864,"LC10d_L","LC10d","OBJECT_TRACKING","L"
33965,"LPLC2_L","LPLC2","LOOMING_COLLISION","L"
34009,"LC40_R","LC40","LOOMING_COLLISION","R"
34029,"LC41_R","LC41","LOOMING_COLLISION","R"
34051,"LPLC2_L","LPLC2","LOOMING_COLLISION","L"
34110,"LPLC2_R","LPLC2","LOOMING_COLLISION","R"
34175,"LC40_R","LC40","LOOMING_COLLISION","R"
34351,"LC10a_L","LC10a","OBJECT_TRACKING","L"
34372,"LPLC2_R","LPLC2","LOOMING_COLLISION","R"
34407,"LPLC2_L","LPLC2","LOOMING_COLLISION","L"
34494,"LC10e_L","LC10e","OBJECT_TRACKING","L"
34568,"LC10d_L","LC10d","OBJECT_TRACKING","L"
34582,"LC10d_R","LC10d","OBJECT_TRACKING","R"
34600,"LC41_R","LC41","LOOMING_COLLISION","R"
34643,"LC10a_L","LC10a","OBJECT_TRACKING","L"
34654,"LC41_R","LC41","LOOMING_COLLISION","R"
34655,"LPLC2_L","LPLC2","LOOMING_COLLISION","L"
34671,"LC40_R","LC40","LOOMING_COLLISION","R"
34681,"LPLC2_R","LPLC2","LOOMING_COLLISION","R"
34756,"LC10a_R","LC10a","OBJECT_TRACKING","R"
34774,"LC10a_R","LC10a","OBJECT_TRACKING","R"
34838,"LC10a_R","LC10a","OBJECT_TRACKING","R"
34844,"LC10d_R","LC10d","OBJECT_TRACKING","R"
34845,"LC4_L","LC4","LOOMING_COLLISION","L"
34858,"LC10d_R","LC10d","OBJECT_TRACKING","R"
34901,"LC41_R","LC41","LOOMING_COLLISION","R"
35086,"LC10d_R","LC10d","OBJECT_TRACKING","R"
35250,"LC10a_R","LC10a","OBJECT_TRACKING","R"
35262,"LC4_L","LC4","LOOMING_COLLISION","L"
35294,"LPLC2_L","LPLC2","LOOMING_COLLISION","L"
35587,"LC10d_R","LC10d","OBJECT_TRACKING","R"
35616,"LC4_L","LC4","LOOMING_COLLISION","L"
35632,"LPLC2_R","LPLC2","LOOMING_COLLISION","R"
35659,"LC10e_R","LC10e","OBJECT_TRACKING","R"
35680,"LPLC2_R","LPLC2","LOOMING_COLLISION","R"
35838,"LPLC2_R","LPLC2","LOOMING_COLLISION","R"
35889,"LPLC2_R","LPLC2","LOOMING_COLLISION","R"
35891,"LC43_R","LC43","LOOMING_COLLISION","R"
35974,"LC43_R","LC43","LOOMING_COLLISION","R"
36071,"LC10b_L","LC10b","OBJECT_TRACKING","L"
36150,"LC10d_R","LC10d","OBJECT_TRACKING","R"
36152,"LC10a_L","LC10a","OBJECT_TRACKING","L"
36171,"LC43_L","LC43","LOOMING_COLLISION","L"
36286,"LC10a_L","LC10a","OBJECT_TRACKING","L"
36421,"LC10a_R","LC10a","OBJECT_TRACKING","R"
36464,"LC10d_R","LC10d","OBJECT_TRACKING","R"
36469,"LC10d_R","LC10d","OBJECT_TRACKING","R"
36481,"LC10d_R","LC10d","OBJECT_TRACKING","R"
36779,"LC10a_R","LC10a","OBJECT_TRACKING","R"
36783,"LC10a_L","LC10a","OBJECT_TRACKING","L"
36794,"LC10d_R","LC10d","OBJECT_TRACKING","R"
36847,"LC41_R","LC41","LOOMING_COLLISION","R"
37042,"LC10a_L","LC10a","OBJECT_TRACKING","L"
37160,"LC10d_R","LC10d","OBJECT_TRACKING","R"
37179,"LC10d_L","LC10d","OBJECT_TRACKING","L"
37267,"LC10d_R","LC10d","OBJECT_TRACKING","R"
37316,"LC10a_L","LC10a","OBJECT_TRACKING","L"
37370,"LC10d_R","LC10d","OBJECT_TRACKING","R"
37431,"LPLC2_R","LPLC2","LOOMING_COLLISION","R"
37499,"LC10b_L","LC10b","OBJECT_TRACKING","L"
37587,"LC4_L","LC4","LOOMING_COLLISION","L"
37613,"LPLC2_R","LPLC2","LOOMING_COLLISION","R"
37871,"LC10a_R","LC10a","OBJECT_TRACKING","R"
37896,"LC10a_L","LC10a","OBJECT_TRACKING","L"
37925,"LPLC2_R","LPLC2","LOOMING_COLLISION","R"
37958,"LC10a_R","LC10a","OBJECT_TRACKING","R"
38020,"LC10a_L","LC10a","OBJECT_TRACKING","L"
38065,"LC4_R","LC4","LOOMING_COLLISION","R"
38301,"LC10a_L","LC10a","OBJECT_TRACKING","L"
38374,"LC10a_R","LC10a","OBJECT_TRACKING","R"
38542,"LPLC2_R","LPLC2","LOOMING_COLLISION","R"
38572,"LC10d_R","LC10d","OBJECT_TRACKING","R"
38625,"LC10d_R","LC10d","OBJECT_TRACKING","R"
38691,"LC10d_R","LC10d","OBJECT_TRACKING","R"
38726,"LC10d_L","LC10d","OBJECT_TRACKING","L"
38810,"LC10a_R","LC10a","OBJECT_TRACKING","R"
38854,"LC40_R","LC40","LOOMING_COLLISION","R"
39058,"LC10b_R","LC10b","OBJECT_TRACKING","R"
39076,"LC41_L","LC41","LOOMING_COLLISION","L"
39108,"LC10a_L","LC10a","OBJECT_TRACKING","L"
39207,"LC40_R","LC40","LOOMING_COLLISION","R"
39398,"LC10d_L","LC10d","OBJECT_TRACKING","L"
39462,"LC40_R","LC40","LOOMING_COLLISION","R"
39512,"LC10d_R","LC10d","OBJECT_TRACKING","R"
39564,"LC10d_L","LC10d","OBJECT_TRACKING","L"
39620,"LPLC2_R","LPLC2","LOOMING_COLLISION","R"
39808,"LC10d_R","LC10d","OBJECT_TRACKING","R"
39851,"LC10d_R","LC10d","OBJECT_TRACKING","R"
39896,"LC10d_L","LC10d","OBJECT_TRACKING","L"
40220,"LC10a_L","LC10a","OBJECT_TRACKING","L"
40372,"LC10d_R","LC10d","OBJECT_TRACKING","R"
40480,"LC44_L","LC44","LOOMING_COLLISION","L"
40725,"LC10d_L","LC10d","OBJECT_TRACKING","L"
40756,"LC10d_L","LC10d","OBJECT_TRACKING","L"
40766,"LC43_R","LC43","LOOMING_COLLISION","R"
40811,"LPLC2_L","LPLC2","LOOMING_COLLISION","L"
40815,"LC10a_L","LC10a","OBJECT_TRACKING","L"
40841,"LPLC2_L","LPLC2","LOOMING_COLLISION","L"
40884,"LC10d_R","LC10d","OBJECT_TRACKING","R"
40983,"LC40_R","LC40","LOOMING_COLLISION","R"
40999,"LC10d_R","LC10d","OBJECT_TRACKING","R"
41009,"LC10d_L","LC10d","OBJECT_TRACKING","L"
41089,"LC10a_R","LC10a","OBJECT_TRACKING","R"
41097,"LPLC2_L","LPLC2","LOOMING_COLLISION","L"
41152,"LC43_R","LC43","LOOMING_COLLISION","R"
41168,"LC10d_L","LC10d","OBJECT_TRACKING","L"
41240,"LC10a_R","LC10a","OBJECT_TRACKING","R"
41376,"LC10d_R","LC10d","OBJECT_TRACKING","R"
41473,"LC10d_L","LC10d","OBJECT_TRACKING","L"
41564,"LC10d_L","LC10d","OBJECT_TRACKING","L"
41567,"LC10d_L","LC10d","OBJECT_TRACKING","L"
41769,"LC44_R","LC44","LOOMING_COLLISION","R"
41799,"LC10d_L","LC10d","OBJECT_TRACKING","L"
41881,"LC10d_R","LC10d","OBJECT_TRACKING","R"
41954,"LC10d_L","LC10d","OBJECT_TRACKING","L"
42029,"LC10b_R","LC10b","OBJECT_TRACKING","R"
42153,"LC10b_R","LC10b","OBJECT_TRACKING","R"
42379,"LC10a_L","LC10a","OBJECT_TRACKING","L"
42452,"LC10a_R","LC10a","OBJECT_TRACKING","R"
42489,"LC10_unclear_L","LC10_unclear","OBJECT_TRACKING","L"
42508,"LC10d_R","LC10d","OBJECT_TRACKING","R"
42631,"LC10d_R","LC10d","OBJECT_TRACKING","R"
42662,"LC10d_R","LC10d","OBJECT_TRACKING","R"
42980,"LC10d_R","LC10d","OBJECT_TRACKING","R"
43254,"LC10d_R","LC10d","OBJECT_TRACKING","R"
43296,"LC10d_R","LC10d","OBJECT_TRACKING","R"
43326,"LC10d_R","LC10d","OBJECT_TRACKING","R"
43387,"LC10d_L","LC10d","OBJECT_TRACKING","L"
43484,"LC10d_R","LC10d","OBJECT_TRACKING","R"
43865,"LC10a_L","LC10a","OBJECT_TRACKING","L"
43910,"LC10a_R","LC10a","OBJECT_TRACKING","R"
43979,"LC10d_R","LC10d","OBJECT_TRACKING","R"
44068,"LC10d_R","LC10d","OBJECT_TRACKING","R"
44097,"LC10d_L","LC10d","OBJECT_TRACKING","L"
44126,"LC10d_L","LC10d","OBJECT_TRACKING","L"
44238,"LC10e_L","LC10e","OBJECT_TRACKING","L"
44299,"LC10a_R","LC10a","OBJECT_TRACKING","R"
44481,"LC10d_L","LC10d","OBJECT_TRACKING","L"
44572,"LC10d_L","LC10d","OBJECT_TRACKING","L"
44600,"LC10d_R","LC10d","OBJECT_TRACKING","R"
44656,"LC10a_R","LC10a","OBJECT_TRACKING","R"
44666,"LC10a_R","LC10a","OBJECT_TRACKING","R"
44856,"LC10a_R","LC10a","OBJECT_TRACKING","R"
45300,"LC10a_R","LC10a","OBJECT_TRACKING","R"
45573,"LC10d_L","LC10d","OBJECT_TRACKING","L"
45579,"LC10a_L","LC10a","OBJECT_TRACKING","L"
45609,"LC10b_R","LC10b","OBJECT_TRACKING","R"
45917,"LC10d_L","LC10d","OBJECT_TRACKING","L"
45941,"LC10d_L","LC10d","OBJECT_TRACKING","L"
46007,"LC10d_L","LC10d","OBJECT_TRACKING","L"
46021,"LC10b_R","LC10b","OBJECT_TRACKING","R"
46034,"LC10a_R","LC10a","OBJECT_TRACKING","R"
46181,"LC10d_L","LC10d","OBJECT_TRACKING","L"
46316,"LC10d_L","LC10d","OBJECT_TRACKING","L"
46727,"LC10d_R","LC10d","OBJECT_TRACKING","R"
46877,"LC10d_R","LC10d","OBJECT_TRACKING","R"
47061,"LC40_R","LC40","LOOMING_COLLISION","R"
47206,"LC10a_L","LC10a","OBJECT_TRACKING","L"
47400,"LC10a_R","LC10a","OBJECT_TRACKING","R"
47729,"LC10d_L","LC10d","OBJECT_TRACKING","L"
47789,"LC10d_L","LC10d","OBJECT_TRACKING","L"
48165,"LC40_L","LC40","LOOMING_COLLISION","L"
48198,"LC10a_L","LC10a","OBJECT_TRACKING","L"
48488,"LC10d_L","LC10d","OBJECT_TRACKING","L"
48716,"LC10a_R","LC10a","OBJECT_TRACKING","R"
48790,"LC10a_L","LC10a","OBJECT_TRACKING","L"
48795,"LC10d_L","LC10d","OBJECT_TRACKING","L"
48901,"LC10b_R","LC10b","OBJECT_TRACKING","R"
49055,"LC10_unclear_R","LC10_unclear","OBJECT_TRACKING","R"
49244,"LC10a_R","LC10a","OBJECT_TRACKING","R"
49360,"LC10a_L","LC10a","OBJECT_TRACKING","L"
49424,"LC10a_L","LC10a","OBJECT_TRACKING","L"
49486,"LC10d_L","LC10d","OBJECT_TRACKING","L"
49497,"LC10d_R","LC10d","OBJECT_TRACKING","R"
49664,"LC10d_R","LC10d","OBJECT_TRACKING","R"
49762,"LC10d_L","LC10d","OBJECT_TRACKING","L"
49773,"LC10a_R","LC10a","OBJECT_TRACKING","R"
49807,"LC10a_L","LC10a","OBJECT_TRACKING","L"
50161,"LC10b_R","LC10b","OBJECT_TRACKING","R"
50188,"LC10d_L","LC10d","OBJECT_TRACKING","L"
50287,"LPLC2_R","LPLC2","LOOMING_COLLISION","R"
50297,"LC10d_R","LC10d","OBJECT_TRACKING","R"
50405,"LC10b_R","LC10b","OBJECT_TRACKING","R"
50564,"LC10a_R","LC10a","OBJECT_TRACKING","R"
50819,"LC10d_L","LC10d","OBJECT_TRACKING","L"
51252,"LC10d_L","LC10d","OBJECT_TRACKING","L"
51397,"LC10a_R","LC10a","OBJECT_TRACKING","R"
51462,"LC10a_L","LC10a","OBJECT_TRACKING","L"
51720,"LC10a_L","LC10a","OBJECT_TRACKING","L"
51977,"LC40_L","LC40","LOOMING_COLLISION","L"
52102,"LC10d_R","LC10d","OBJECT_TRACKING","R"
52329,"LC10a_R","LC10a","OBJECT_TRACKING","R"
52430,"LC10a_L","LC10a","OBJECT_TRACKING","L"
52471,"LC10d_R","LC10d","OBJECT_TRACKING","R"
52626,"LC10d_R","LC10d","OBJECT_TRACKING","R"
52783,"LC10a_R","LC10a","OBJECT_TRACKING","R"
52977,"LC10d_L","LC10d","OBJECT_TRACKING","L"
53078,"LC40_R","LC40","LOOMING_COLLISION","R"
53417,"LC10d_R","LC10d","OBJECT_TRACKING","R"
53493,"LC43_R","LC43","LOOMING_COLLISION","R"
53572,"LC10a_R","LC10a","OBJECT_TRACKING","R"
53585,"LC10a_L","LC10a","OBJECT_TRACKING","L"
53725,"LC10d_L","LC10d","OBJECT_TRACKING","L"
54299,"LC46b_R","LC46b","LOOMING_COLLISION","R"
54421,"LC10a_R","LC10a","OBJECT_TRACKING","R"
54522,"LC10e_R","LC10e","OBJECT_TRACKING","R"
54562,"LC10a_R","LC10a","OBJECT_TRACKING","R"
54615,"LC40_L","LC40","LOOMING_COLLISION","L"
54638,"LC10a_R","LC10a","OBJECT_TRACKING","R"
54673,"LC10d_R","LC10d","OBJECT_TRACKING","R"
54692,"LC44_R","LC44","LOOMING_COLLISION","R"
55126,"LC40_R","LC40","LOOMING_COLLISION","R"
55326,"LC10d_R","LC10d","OBJECT_TRACKING","R"
55412,"LC43_R","LC43","LOOMING_COLLISION","R"
55627,"LPLC2_R","LPLC2","LOOMING_COLLISION","R"
55949,"LC10d_L","LC10d","OBJECT_TRACKING","L"
55997,"LC10d_L","LC10d","OBJECT_TRACKING","L"
56376,"LC10a_L","LC10a","OBJECT_TRACKING","L"
56727,"VSm_L","VSm","OPTIC_FLOW","L"
56781,"LC43_L","LC43","LOOMING_COLLISION","L"
56913,"LC10b_R","LC10b","OBJECT_TRACKING","R"
57061,"LC41_L","LC41","LOOMING_COLLISION","L"
57264,"LC10a_R","LC10a","OBJECT_TRACKING","R"
57894,"LC10a_R","LC10a","OBJECT_TRACKING","R"
58228,"LC10e_R","LC10e","OBJECT_TRACKING","R"
58258,"LC40_L","LC40","LOOMING_COLLISION","L"
58449,"LC10a_L","LC10a","OBJECT_TRACKING","L"
59511,"LC10b_R","LC10b","OBJECT_TRACKING","R"
59573,"LC10b_L","LC10b","OBJECT_TRACKING","L"
59911,"LC10e_R","LC10e","OBJECT_TRACKING","R"
60028,"LC10a_L","LC10a","OBJECT_TRACKING","L"
60207,"LC10a_L","LC10a","OBJECT_TRACKING","L"
60683,"LC10d_L","LC10d","OBJECT_TRACKING","L"
60723,"LC44_L","LC44","LOOMING_COLLISION","L"
60824,"LC10e_L","LC10e","OBJECT_TRACKING","L"
60828,"LC10d_R","LC10d","OBJECT_TRACKING","R"
60931,"LC43_L","LC43","LOOMING_COLLISION","L"
60970,"LC43_L","LC43","LOOMING_COLLISION","L"
61122,"LC10d_L","LC10d","OBJECT_TRACKING","L"
61443,"LC46b_L","LC46b","LOOMING_COLLISION","L"
61545,"LC10a_L","LC10a","OBJECT_TRACKING","L"
61866,"LC10b_R","LC10b","OBJECT_TRACKING","R"
62280,"LC10a_L","LC10a","OBJECT_TRACKING","L"
62316,"LC46b_L","LC46b","LOOMING_COLLISION","L"
62409,"LC10b_R","LC10b","OBJECT_TRACKING","R"
62529,"LC10e_R","LC10e","OBJECT_TRACKING","R"
62538,"LC10d_L","LC10d","OBJECT_TRACKING","L"
63959,"LC10b_R","LC10b","OBJECT_TRACKING","R"
64174,"LC10e_R","LC10e","OBJECT_TRACKING","R"
64355,"LC10d_L","LC10d","OBJECT_TRACKING","L"
64388,"LC40_L","LC40","LOOMING_COLLISION","L"
64964,"LC10a_L","LC10a","OBJECT_TRACKING","L"
65240,"LC10_unclear_R","LC10_unclear","OBJECT_TRACKING","R"
65308,"LC10d_R","LC10d","OBJECT_TRACKING","R"
65584,"LC10e_R","LC10e","OBJECT_TRACKING","R"
65760,"LC10b_R","LC10b","OBJECT_TRACKING","R"
66013,"LC10e_R","LC10e","OBJECT_TRACKING","R"
66361,"LC10a_L","LC10a","OBJECT_TRACKING","L"
66630,"LC10b_R","LC10b","OBJECT_TRACKING","R"
66760,"LC10e_L","LC10e","OBJECT_TRACKING","L"
67077,"LC40_L","LC40","LOOMING_COLLISION","L"
67122,"LC10b_L","LC10b","OBJECT_TRACKING","L"
67301,"LC10_unclear_R","LC10_unclear","OBJECT_TRACKING","R"
67720,"LC10e_R","LC10e","OBJECT_TRACKING","R"
67779,"LC10e_R","LC10e","OBJECT_TRACKING","R"
68463,"LC10a_L","LC10a","OBJECT_TRACKING","L"
68728,"LC10a_L","LC10a","OBJECT_TRACKING","L"
68778,"LC10b_R","LC10b","OBJECT_TRACKING","R"
68852,"LC10b_R","LC10b","OBJECT_TRACKING","R"
69324,"LC10e_R","LC10e","OBJECT_TRACKING","R"
69342,"LC10b_R","LC10b","OBJECT_TRACKING","R"
69463,"LC10a_R","LC10a","OBJECT_TRACKING","R"
69617,"LC10e_R","LC10e","OBJECT_TRACKING","R"
69870,"LC10a_L","LC10a","OBJECT_TRACKING","L"
70262,"LC10b_R","LC10b","OBJECT_TRACKING","R"
70408,"LC10a_R","LC10a","OBJECT_TRACKING","R"
70519,"LC10b_R","LC10b","OBJECT_TRACKING","R"
70570,"LC46b_R","LC46b","LOOMING_COLLISION","R"
71066,"LC10e_L","LC10e","OBJECT_TRACKING","L"
71829,"LC46b_L","LC46b","LOOMING_COLLISION","L"
71986,"LC10e_R","LC10e","OBJECT_TRACKING","R"
72268,"LC10e_R","LC10e","OBJECT_TRACKING","R"
72759,"LC10b_R","LC10b","OBJECT_TRACKING","R"
73582,"LC10b_R","LC10b","OBJECT_TRACKING","R"
73584,"LC10b_L","LC10b","OBJECT_TRACKING","L"
73715,"LC10a_L","LC10a","OBJECT_TRACKING","L"
73994,"LC10d_L","LC10d","OBJECT_TRACKING","L"
74059,"LC10b_L","LC10b","OBJECT_TRACKING","L"
74072,"LC10a_L","LC10a","OBJECT_TRACKING","L"
74512,"LC10d_L","LC10d","OBJECT_TRACKING","L"
74582,"LC46b_R","LC46b","LOOMING_COLLISION","R"
74890,"LC10e_R","LC10e","OBJECT_TRACKING","R"
75145,"LC10e_R","LC10e","OBJECT_TRACKING","R"
75432,"LC10e_R","LC10e","OBJECT_TRACKING","R"
76039,"LC10b_R","LC10b","OBJECT_TRACKING","R"
76174,"LC10a_R","LC10a","OBJECT_TRACKING","R"
76185,"LC10a_L","LC10a","OBJECT_TRACKING","L"
76947,"LC10e_R","LC10e","OBJECT_TRACKING","R"
77017,"LC10b_R","LC10b","OBJECT_TRACKING","R"
77473,"LC10e_R","LC10e","OBJECT_TRACKING","R"
77581,"LC10e_L","LC10e","OBJECT_TRACKING","L"
77614,"LC4_L","LC4","LOOMING_COLLISION","L"
78103,"LC10b_R","LC10b","OBJECT_TRACKING","R"
78110,"LC46b_R","LC46b","LOOMING_COLLISION","R"
78210,"LC10e_R","LC10e","OBJECT_TRACKING","R"
78521,"LC10e_R","LC10e","OBJECT_TRACKING","R"
79250,"LC10b_L","LC10b","OBJECT_TRACKING","L"
79462,"LC10e_R","LC10e","OBJECT_TRACKING","R"
80144,"LC10e_L","LC10e","OBJECT_TRACKING","L"
80432,"LC10e_R","LC10e","OBJECT_TRACKING","R"
80504,"LC10e_R","LC10e","OBJECT_TRACKING","R"
80577,"LC10e_R","LC10e","OBJECT_TRACKING","R"
81112,"LC4_L","LC4","LOOMING_COLLISION","L"
81198,"LC10e_R","LC10e","OBJECT_TRACKING","R"
82174,"LC10b_R","LC10b","OBJECT_TRACKING","R"
82439,"LC10a_L","LC10a","OBJECT_TRACKING","L"
82901,"LC10b_R","LC10b","OBJECT_TRACKING","R"
83215,"LC10b_R","LC10b","OBJECT_TRACKING","R"
84051,"LC10_unclear_R","LC10_unclear","OBJECT_TRACKING","R"
84104,"LC10a_R","LC10a","OBJECT_TRACKING","R"
84392,"LC10b_R","LC10b","OBJECT_TRACKING","R"
84470,"LC10a_R","LC10a","OBJECT_TRACKING","R"
84827,"LC10e_R","LC10e","OBJECT_TRACKING","R"
85503,"LC10_unclear_R","LC10_unclear","OBJECT_TRACKING","R"
85707,"LC10a_R","LC10a","OBJECT_TRACKING","R"
85823,"LC10e_R","LC10e","OBJECT_TRACKING","R"
85896,"LC10e_L","LC10e","OBJECT_TRACKING","L"
86123,"LC10e_R","LC10e","OBJECT_TRACKING","R"
86507,"LC10a_R","LC10a","OBJECT_TRACKING","R"
87327,"LC10e_R","LC10e","OBJECT_TRACKING","R"
87750,"LC10a_L","LC10a","OBJECT_TRACKING","L"
88321,"LC10b_R","LC10b","OBJECT_TRACKING","R"
88453,"LC10e_R","LC10e","OBJECT_TRACKING","R"
88587,"LC10d_L","LC10d","OBJECT_TRACKING","L"
88982,"LC10b_R","LC10b","OBJECT_TRACKING","R"
89301,"LC10a_L","LC10a","OBJECT_TRACKING","L"
90720,"LC10e_R","LC10e","OBJECT_TRACKING","R"
90856,"LC10e_R","LC10e","OBJECT_TRACKING","R"
91333,"LC40_L","LC40","LOOMING_COLLISION","L"
91436,"LC10b_R","LC10b","OBJECT_TRACKING","R"
91501,"LC10e_L","LC10e","OBJECT_TRACKING","L"
92247,"LC10b_R","LC10b","OBJECT_TRACKING","R"
93425,"LC10e_R","LC10e","OBJECT_TRACKING","R"
93586,"LC10b_L","LC10b","OBJECT_TRACKING","L"
93624,"LC10b_R","LC10b","OBJECT_TRACKING","R"
93728,"LC10e_L","LC10e","OBJECT_TRACKING","L"
94414,"LC10e_R","LC10e","OBJECT_TRACKING","R"
94923,"LC10e_L","LC10e","OBJECT_TRACKING","L"
95241,"LPLC2_L","LPLC2","LOOMING_COLLISION","L"
96453,"LC10b_R","LC10b","OBJECT_TRACKING","R"
97188,"LC10b_R","LC10b","OBJECT_TRACKING","R"
97328,"LC10e_L","LC10e","OBJECT_TRACKING","L"
97604,"LC10b_R","LC10b","OBJECT_TRACKING","R"
98191,"LC10e_R","LC10e","OBJECT_TRACKING","R"
98722,"LC10e_R","LC10e","OBJECT_TRACKING","R"
99560,"LC46b_R","LC46b","LOOMING_COLLISION","R"
99781,"LC10e_R","LC10e","OBJECT_TRACKING","R"
100103,"LPLC2_L","LPLC2","LOOMING_COLLISION","L"
100368,"LC10a_R","LC10a","OBJECT_TRACKING","R"
100402,"LC10b_R","LC10b","OBJECT_TRACKING","R"
100435,"LC10b_L","LC10b","OBJECT_TRACKING","L"
100485,"LC4_L","LC4","LOOMING_COLLISION","L"
100514,"LC10e_R","LC10e","OBJECT_TRACKING","R"
100583,"LC10b_L","LC10b","OBJECT_TRACKING","L"
100854,"LC10e_L","LC10e","OBJECT_TRACKING","L"
101364,"LC10e_L","LC10e","OBJECT_TRACKING","L"
101549,"LC10e_R","LC10e","OBJECT_TRACKING","R"
101761,"LC10d_L","LC10d","OBJECT_TRACKING","L"
102000,"LC40_L","LC40","LOOMING_COLLISION","L"
102129,"LC10e_L","LC10e","OBJECT_TRACKING","L"
102447,"LC10b_R","LC10b","OBJECT_TRACKING","R"
102944,"LC10b_R","LC10b","OBJECT_TRACKING","R"
103279,"LC10e_L","LC10e","OBJECT_TRACKING","L"
103784,"LC10e_R","LC10e","OBJECT_TRACKING","R"
104320,"LC10b_L","LC10b","OBJECT_TRACKING","L"
104440,"LC10e_R","LC10e","OBJECT_TRACKING","R"
105109,"LC10e_L","LC10e","OBJECT_TRACKING","L"
105454,"LC10e_L","LC10e","OBJECT_TRACKING","L"
106120,"LC10b_L","LC10b","OBJECT_TRACKING","L"
107513,"LC4_L","LC4","LOOMING_COLLISION","L"
108618,"LC10e_R","LC10e","OBJECT_TRACKING","R"
109704,"LC10_unclear_R","LC10_unclear","OBJECT_TRACKING","R"
109914,"LC10e_L","LC10e","OBJECT_TRACKING","L"
110828,"LC10b_L","LC10b","OBJECT_TRACKING","L"
110857,"LC10e_L","LC10e","OBJECT_TRACKING","L"
110956,"LC10d_L","LC10d","OBJECT_TRACKING","L"
111293,"LC10e_R","LC10e","OBJECT_TRACKING","R"
111787,"LC4_L","LC4","LOOMING_COLLISION","L"
111903,"LPLC2_L","LPLC2","LOOMING_COLLISION","L"
112077,"LC10b_R","LC10b","OBJECT_TRACKING","R"
112292,"LPLC2_L","LPLC2","LOOMING_COLLISION","L"
112772,"LC10_unclear_L","LC10_unclear","OBJECT_TRACKING","L"
113042,"LC10_unclear_R","LC10_unclear","OBJECT_TRACKING","R"
113128,"LC10b_R","LC10b","OBJECT_TRACKING","R"
115336,"LC10b_R","LC10b","OBJECT_TRACKING","R"
115394,"LC10b_R","LC10b","OBJECT_TRACKING","R"
115406,"LC10e_L","LC10e","OBJECT_TRACKING","L"
117057,"LC10e_L","LC10e","OBJECT_TRACKING","L"
118253,"LC10e_L","LC10e","OBJECT_TRACKING","L"
119210,"LC10e_L","LC10e","OBJECT_TRACKING","L"
120200,"LC10d_L","LC10d","OBJECT_TRACKING","L"
121571,"LC10e_L","LC10e","OBJECT_TRACKING","L"
122923,"LC10e_R","LC10e","OBJECT_TRACKING","R"
125034,"LC10b_R","LC10b","OBJECT_TRACKING","R"
125681,"LC10e_R","LC10e","OBJECT_TRACKING","R"
125881,"LC10e_L","LC10e","OBJECT_TRACKING","L"
127279,"LC43_L","LC43","LOOMING_COLLISION","L"
129068,"LC10e_L","LC10e","OBJECT_TRACKING","L"
129239,"LC10d_L","LC10d","OBJECT_TRACKING","L"
129687,"LPLC2_L","LPLC2","LOOMING_COLLISION","L"
132606,"LC10b_L","LC10b","OBJECT_TRACKING","L"
133522,"LC10e_L","LC10e","OBJECT_TRACKING","L"
133740,"LC10b_L","LC10b","OBJECT_TRACKING","L"
134521,"LPLC2_L","LPLC2","LOOMING_COLLISION","L"
136881,"LC10e_L","LC10e","OBJECT_TRACKING","L"
137239,"LC10_unclear_L","LC10_unclear","OBJECT_TRACKING","L"
137917,"LC10e_L","LC10e","OBJECT_TRACKING","L"
138232,"LC10b_L","LC10b","OBJECT_TRACKING","L"
138396,"LC10e_L","LC10e","OBJECT_TRACKING","L"
138940,"LC10e_R","LC10e","OBJECT_TRACKING","R"
139302,"LC10b_L","LC10b","OBJECT_TRACKING","L"
139342,"LC10e_L","LC10e","OBJECT_TRACKING","L"
139576,"LC10d_L","LC10d","OBJECT_TRACKING","L"
139878,"LC10e_R","LC10e","OBJECT_TRACKING","R"
140676,"LC10a_L","LC10a","OBJECT_TRACKING","L"
140956,"LC10b_L","LC10b","OBJECT_TRACKING","L"
141190,"LC41_L","LC41","LOOMING_COLLISION","L"
141509,"LC10b_L","LC10b","OBJECT_TRACKING","L"
141872,"LC10b_L","LC10b","OBJECT_TRACKING","L"
143097,"LC10b_L","LC10b","OBJECT_TRACKING","L"
143425,"LC10e_L","LC10e","OBJECT_TRACKING","L"
143644,"LC10e_L","LC10e","OBJECT_TRACKING","L"
144525,"LC10b_L","LC10b","OBJECT_TRACKING","L"
144957,"LC10a_L","LC10a","OBJECT_TRACKING","L"
145758,"LC10b_L","LC10b","OBJECT_TRACKING","L"
146207,"LC10e_L","LC10e","OBJECT_TRACKING","L"
147650,"LC10b_L","LC10b","OBJECT_TRACKING","L"
150060,"LC10d_L","LC10d","OBJECT_TRACKING","L"
151357,"LC10b_L","LC10b","OBJECT_TRACKING","L"
151677,"LC10e_L","LC10e","OBJECT_TRACKING","L"
153379,"LC10e_L","LC10e","OBJECT_TRACKING","L"
154445,"LC10e_L","LC10e","OBJECT_TRACKING","L"
154750,"LC10b_L","LC10b","OBJECT_TRACKING","L"
155787,"LC10b_L","LC10b","OBJECT_TRACKING","L"
156203,"LC43_L","LC43","LOOMING_COLLISION","L"
157345,"LC10b_L","LC10b","OBJECT_TRACKING","L"
158472,"LC10b_L","LC10b","OBJECT_TRACKING","L"
158657,"LC10b_L","LC10b","OBJECT_TRACKING","L"
160084,"LC10e_L","LC10e","OBJECT_TRACKING","L"
160309,"LC10b_L","LC10b","OBJECT_TRACKING","L"
160820,"LC10e_L","LC10e","OBJECT_TRACKING","L"
161803,"LC10b_L","LC10b","OBJECT_TRACKING","L"
163829,"LC10b_L","LC10b","OBJECT_TRACKING","L"
164420,"LC46b_L","LC46b","LOOMING_COLLISION","L"
165601,"LC10b_L","LC10b","OBJECT_TRACKING","L"
166121,"LC10e_L","LC10e","OBJECT_TRACKING","L"
166437,"LC10b_L","LC10b","OBJECT_TRACKING","L"
167388,"LC10e_L","LC10e","OBJECT_TRACKING","L"
168758,"LC10e_L","LC10e","OBJECT_TRACKING","L"
169691,"LC10b_L","LC10b","OBJECT_TRACKING","L"
170472,"LC10b_L","LC10b","OBJECT_TRACKING","L"
172313,"LC10d_L","LC10d","OBJECT_TRACKING","L"
173226,"LC10b_L","LC10b","OBJECT_TRACKING","L"
174477,"LC10e_L","LC10e","OBJECT_TRACKING","L"
175536,"LC10d_L","LC10d","OBJECT_TRACKING","L"
178177,"LC10b_L","LC10b","OBJECT_TRACKING","L"
178580,"LC10e_L","LC10e","OBJECT_TRACKING","L"
178975,"LC10e_L","LC10e","OBJECT_TRACKING","L"
178999,"LC10b_L","LC10b","OBJECT_TRACKING","L"
181406,"LC10b_L","LC10b","OBJECT_TRACKING","L"
183106,"LC10e_L","LC10e","OBJECT_TRACKING","L"
183483,"LC10a_L","LC10a","OBJECT_TRACKING","L"
187217,"LC10e_L","LC10e","OBJECT_TRACKING","L"
192903,"LC10e_L","LC10e","OBJECT_TRACKING","L"
201640,"LC10e_L","LC10e","OBJECT_TRACKING","L"
331024,"LC10e_L","LC10e","OBJECT_TRACKING","L"
511914,"LC4_L","LC4","LOOMING_COLLISION","L"
512257,"LC10b_L","LC10b","OBJECT_TRACKING","L"
512366,"LC4_L","LC4","LOOMING_COLLISION","L"
512705,"LC4_L","LC4","LOOMING_COLLISION","L"
512978,"LC10a_L","LC10a","OBJECT_TRACKING","L"
513173,"LC10e_L","LC10e","OBJECT_TRACKING","L"
513274,"LC40_L","LC40","LOOMING_COLLISION","L"
514508,"LC4_L","LC4","LOOMING_COLLISION","L"
514518,"LC10d_L","LC10d","OBJECT_TRACKING","L"
514646,"LC10a_L","LC10a","OBJECT_TRACKING","L"
514670,"LPLC2_L","LPLC2","LOOMING_COLLISION","L"
514724,"LC10e_L","LC10e","OBJECT_TRACKING","L"
514956,"LC4_L","LC4","LOOMING_COLLISION","L"
515118,"LC40_L","LC40","LOOMING_COLLISION","L"
515218,"LC10d_L","LC10d","OBJECT_TRACKING","L"
515476,"LC4_L","LC4","LOOMING_COLLISION","L"
515479,"LC10d_L","LC10d","OBJECT_TRACKING","L"
515510,"LC46b_L","LC46b","LOOMING_COLLISION","L"
515798,"LC10d_L","LC10d","OBJECT_TRACKING","L"
515900,"LC4_L","LC4","LOOMING_COLLISION","L"
515971,"LPLC2_L","LPLC2","LOOMING_COLLISION","L"
516212,"LC10b_L","LC10b","OBJECT_TRACKING","L"
516555,"LC10e_L","LC10e","OBJECT_TRACKING","L"
516677,"LC10b_L","LC10b","OBJECT_TRACKING","L"
516909,"LC4_L","LC4","LOOMING_COLLISION","L"
517078,"LPLC2_L","LPLC2","LOOMING_COLLISION","L"
517079,"LPLC2_L","LPLC2","LOOMING_COLLISION","L"
517752,"LC4_L","LC4","LOOMING_COLLISION","L"
517819,"LPLC2_L","LPLC2","LOOMING_COLLISION","L"
518016,"LC4_L","LC4","LOOMING_COLLISION","L"
518028,"VS_L","VS","OPTIC_FLOW","L"
518132,"LC10d_L","LC10d","OBJECT_TRACKING","L"
518433,"LC40_L","LC40","LOOMING_COLLISION","L"
518439,"LC4_L","LC4","LOOMING_COLLISION","L"
518544,"LC4_L","LC4","LOOMING_COLLISION","L"
518587,"LC40_L","LC40","LOOMING_COLLISION","L"
518658,"LC10d_L","LC10d","OBJECT_TRACKING","L"
518681,"LC10a_L","LC10a","OBJECT_TRACKING","L"
518730,"LC4_L","LC4","LOOMING_COLLISION","L"
518731,"LPLC2_L","LPLC2","LOOMING_COLLISION","L"
518851,"LC41_L","LC41","LOOMING_COLLISION","L"
518920,"LC40_L","LC40","LOOMING_COLLISION","L"
518983,"LC4_L","LC4","LOOMING_COLLISION","L"
519168,"LC10a_L","LC10a","OBJECT_TRACKING","L"
519650,"LC4_L","LC4","LOOMING_COLLISION","L"
519931,"LC4_L","LC4","LOOMING_COLLISION","L"
520449,"LC4_L","LC4","LOOMING_COLLISION","L"
520764,"LPLC2_L","LPLC2","LOOMING_COLLISION","L"
521115,"LPLC2_L","LPLC2","LOOMING_COLLISION","L"
522952,"VST2_L","VST2","OPTIC_FLOW","L"
522954,"VS_L","VS","OPTIC_FLOW","L"
522957,"VS_L","VS","OPTIC_FLOW","L"
524230,"LC40_L","LC40","LOOMING_COLLISION","L"
524232,"LC10e_L","LC10e","OBJECT_TRACKING","L"
524366,"LPLC2_L","LPLC2","LOOMING_COLLISION","L"
524404,"LC40_L","LC40","LOOMING_COLLISION","L"
524616,"LC10a_L","LC10a","OBJECT_TRACKING","L"
524621,"LC10d_L","LC10d","OBJECT_TRACKING","L"
524899,"LC4_L","LC4","LOOMING_COLLISION","L"
525190,"LC40_L","LC40","LOOMING_COLLISION","L"
525482,"LC10a_L","LC10a","OBJECT_TRACKING","L"
525844,"LPLC2_L","LPLC2","LOOMING_COLLISION","L"
526215,"VST2_L","VST2","OPTIC_FLOW","L"
526286,"LC4_L","LC4","LOOMING_COLLISION","L"
526785,"LC10d_R","LC10d","OBJECT_TRACKING","R"
527408,"LC4_R","LC4","LOOMING_COLLISION","R"
527684,"LC10a_L","LC10a","OBJECT_TRACKING","L"
528991,"LC10a_L","LC10a","OBJECT_TRACKING","L"
529342,"LC10b_L","LC10b","OBJECT_TRACKING","L"
529578,"LC10a_L","LC10a","OBJECT_TRACKING","L"
530029,"LC4_L","LC4","LOOMING_COLLISION","L"
530619,"LC41_L","LC41","LOOMING_COLLISION","L"
531014,"LPLC2_L","LPLC2","LOOMING_COLLISION","L"
531884,"LC41_L","LC41","LOOMING_COLLISION","L"
532254,"LC4_L","LC4","LOOMING_COLLISION","L"
532298,"LC10a_L","LC10a","OBJECT_TRACKING","L"
532653,"LC10a_L","LC10a","OBJECT_TRACKING","L"
533129,"LC4_L","LC4","LOOMING_COLLISION","L"
533895,"LPLC2_L","LPLC2","LOOMING_COLLISION","L"
535220,"LC40_L","LC40","LOOMING_COLLISION","L"
535341,"LC4_L","LC4","LOOMING_COLLISION","L"
536307,"LC10b_R","LC10b","OBJECT_TRACKING","R"
536318,"LC10a_L","LC10a","OBJECT_TRACKING","L"
536444,"LPLC2_L","LPLC2","LOOMING_COLLISION","L"
537004,"VSm_R","VSm","OPTIC_FLOW","R"
537178,"LC10b_L","LC10b","OBJECT_TRACKING","L"
540266,"VS_L","VS","OPTIC_FLOW","L"
543692,"LC10d_L","LC10d","OBJECT_TRACKING","L"
545811,"LC10e_L","LC10e","OBJECT_TRACKING","L"
547236,"LC10e_L","LC10e","OBJECT_TRACKING","L"
547602,"LC10e_L","LC10e","OBJECT_TRACKING","L"
549019,"LC10e_L","LC10e","OBJECT_TRACKING","L"
550782,"LC10_unclear_L","LC10_unclear","OBJECT_TRACKING","L"
553955,"LC10e_L","LC10e","OBJECT_TRACKING","L"
554228,"LC10d_L","LC10d","OBJECT_TRACKING","L"
555732,"LC43_L","LC43","LOOMING_COLLISION","L"
557250,"LC10b_R","LC10b","OBJECT_TRACKING","R"
557990,"LC10a_L","LC10a","OBJECT_TRACKING","L"
560574,"LC10e_L","LC10e","OBJECT_TRACKING","L"
575597,"LC10a_L","LC10a","OBJECT_TRACKING","L"
575808,"LC10d_L","LC10d","OBJECT_TRACKING","L"
580484,"LC10d_L","LC10d","OBJECT_TRACKING","L"
580856,"LC40_L","LC40","LOOMING_COLLISION","L"
580987,"LC10b_L","LC10b","OBJECT_TRACKING","L"
915658,"LC10d_L","LC10d","OBJECT_TRACKING","L"
919862,"LC10d_L","LC10d","OBJECT_TRACKING","L"
212467981,"LC10d_L","LC10d","OBJECT_TRACKING","L"
